paramètre,variation,roi
Prix,-20%,0.291220863389191
Prix,-10%,0.4526234713128401
Prix,0%,0.6140260792364889
Prix,10%,0.7754286871601379
Prix,20%,0.9368312950837865
Production,-20%,0.2912208633891913
Production,-10%,0.4526234713128401
Production,0%,0.6140260792364889
Production,10%,0.7754286871601379
Production,20%,0.9368312950837865
Coûts,-20%,1.0175325990456108
Coûts,-10%,0.7933623102627655
Coûts,0%,0.6140260792364889
Coûts,10%,0.46729643566953516
Coûts,20%,0.3450217326970742
